time,if_score,anomaly_count
2026-04-30 02:10:00+00:00,-0.0150167577204674,46
2026-05-01 01:55:00+00:00,-0.006182930802368758,46
2026-05-01 02:00:00+00:00,-0.07690131754074014,46
2026-05-01 02:05:00+00:00,-0.08851010600688614,46
2026-05-01 02:10:00+00:00,-0.004318743631509969,46
2026-05-01 02:15:00+00:00,-0.07608869218384395,46
2026-05-01 02:20:00+00:00,-0.06833293463062329,46
2026-05-01 02:35:00+00:00,-0.07503193171330369,46
2026-05-01 02:40:00+00:00,-0.051981653508780146,46
2026-05-01 03:05:00+00:00,-0.1350568707930352,46
2026-05-01 03:15:00+00:00,-0.05709085494229105,46
2026-05-01 03:20:00+00:00,-0.037782459259093404,46
2026-05-01 03:25:00+00:00,-0.10092546220952925,46
2026-05-01 03:30:00+00:00,-0.11514492857097258,46
2026-05-01 03:35:00+00:00,-0.02634864608748566,46
2026-05-01 03:40:00+00:00,-0.03001699590477802,46
2026-05-01 03:45:00+00:00,-0.07240876017768305,46
2026-05-01 03:50:00+00:00,-0.07346869469244466,46
2026-05-01 04:10:00+00:00,-0.11072518761327543,46
2026-05-01 04:15:00+00:00,-0.006344157862653632,46
2026-05-01 04:30:00+00:00,-0.024508296710028077,46
2026-05-01 04:40:00+00:00,-0.04365268433187364,46
2026-05-01 04:50:00+00:00,-0.01841076731172997,46
2026-05-01 04:55:00+00:00,-0.02416082998281499,46
2026-05-01 05:05:00+00:00,-0.06070734330861105,46
2026-05-01 05:20:00+00:00,-0.0661081590860575,46
2026-05-01 06:00:00+00:00,-0.07291149580838763,46
2026-05-01 08:10:00+00:00,-0.03043130113404513,46
2026-05-01 08:15:00+00:00,-0.01522362943038258,46
2026-05-01 09:00:00+00:00,-0.01254098880287391,46
2026-05-01 12:40:00+00:00,-0.02953743003960274,46
2026-05-01 13:00:00+00:00,-0.013884990447194379,46
2026-05-01 13:40:00+00:00,-0.012741542095933478,46
2026-05-02 02:10:00+00:00,-0.004537487587195743,46
2026-05-02 04:05:00+00:00,-0.026844316849019445,46
2026-05-02 04:10:00+00:00,-0.0341373497014994,46
2026-05-02 06:50:00+00:00,-2.3661582351452992e-05,46
2026-05-02 09:15:00+00:00,-0.07329537389620933,46
2026-05-02 10:30:00+00:00,-0.02180616995977347,46
2026-05-02 10:40:00+00:00,-0.035635907076600026,46
2026-05-02 10:45:00+00:00,-0.06175131031443948,46
2026-05-02 10:50:00+00:00,-0.04004640147370231,46
2026-05-02 10:55:00+00:00,-0.015270418190569734,46
2026-05-02 11:00:00+00:00,-0.027939464392961688,46
2026-05-02 11:20:00+00:00,-0.009355233553962505,46
2026-05-02 11:40:00+00:00,-0.06359241271386895,46
2026-05-02 12:00:00+00:00,-0.05769314672341408,46
2026-05-02 12:20:00+00:00,-0.043279421653911854,46
2026-05-02 13:30:00+00:00,-0.043447019039162815,46
2026-05-02 13:35:00+00:00,-0.015592522868086212,46
2026-05-03 08:50:00+00:00,-0.055720922242471715,46
2026-05-03 08:55:00+00:00,-0.028219141805972292,46
2026-05-03 09:20:00+00:00,-0.01575432609664007,46
2026-05-03 23:45:00+00:00,-0.03682665364333071,46
2026-05-04 00:05:00+00:00,-0.052018146932400366,46
2026-05-04 00:10:00+00:00,-0.01606210913362771,46
2026-05-04 00:15:00+00:00,-0.008873821081051947,46
2026-05-04 00:30:00+00:00,-0.005546954212343191,46
2026-05-04 01:55:00+00:00,-0.0011266216187887368,46
2026-05-04 04:05:00+00:00,-0.038244663759001596,46
2026-05-04 04:10:00+00:00,-0.01725241768435204,46
2026-05-04 04:55:00+00:00,-0.0022329532191339707,46
2026-05-04 05:00:00+00:00,-0.01910734869017927,46
2026-05-04 05:10:00+00:00,-0.02099284363713727,46
2026-05-04 05:20:00+00:00,-0.012915265195066916,46
2026-05-04 05:35:00+00:00,-0.0209219401556604,46
2026-05-04 08:20:00+00:00,-0.08384104822929384,46
2026-05-04 09:35:00+00:00,-0.008069595053213252,46
2026-05-04 10:55:00+00:00,-0.006380494699513517,46
2026-05-04 11:40:00+00:00,-0.02918846094772598,46
2026-05-04 12:20:00+00:00,-0.03415680652830566,46
2026-05-04 18:10:00+00:00,-0.0020805657454338045,46
2026-05-05 05:15:00+00:00,-0.004748772971944426,46
2026-05-06 14:05:00+00:00,-0.03850392691005322,46
2026-05-06 14:10:00+00:00,-0.029573832253413923,46
2026-05-06 14:20:00+00:00,-0.008889007351600142,46
2026-05-06 14:30:00+00:00,-0.0506731448664961,46
2026-05-06 14:35:00+00:00,-0.006577774480098331,46
2026-05-06 14:45:00+00:00,-0.037651066280526835,46
2026-05-12 04:30:00+00:00,-0.008551637964031245,46
2026-05-12 07:55:00+00:00,-0.0029928781380482716,46
2026-05-13 02:10:00+00:00,-0.013420635576604445,46
2026-05-13 02:25:00+00:00,-0.009638413099715248,46
2026-05-13 09:20:00+00:00,-0.024525243748775294,46
2026-05-14 04:10:00+00:00,-0.007580073994952086,46
2026-05-15 12:25:00+00:00,-0.031794610623974484,46
2026-05-16 06:00:00+00:00,-0.005646837756865919,46
2026-05-17 04:40:00+00:00,-0.026756610629251054,46
2026-05-17 04:45:00+00:00,-0.02887928970710696,46
2026-05-17 04:50:00+00:00,-0.028352421982785314,46
2026-05-18 03:10:00+00:00,-0.005490996881402643,46
2026-05-18 05:35:00+00:00,-0.04329334439545274,46
2026-05-18 10:45:00+00:00,-0.014514600596070903,46
2026-05-18 12:25:00+00:00,-0.008002801443995788,46
2026-05-25 14:50:00+00:00,-0.009103868017113492,46
2026-05-26 00:55:00+00:00,-0.027669143324740464,46
2026-05-26 16:45:00+00:00,-0.033198136759884145,46
2026-05-26 16:55:00+00:00,-0.022019574929831753,46
2026-05-27 03:15:00+00:00,-0.008776475786509752,46
2026-05-27 07:20:00+00:00,-0.01696051966918255,46
2026-05-29 06:05:00+00:00,-0.002907121298261872,46
2026-05-29 07:00:00+00:00,-0.0005910794364403227,46
2026-06-01 17:25:00+00:00,-0.00032619162592417705,46
2026-06-03 01:40:00+00:00,-0.03707863583485016,46
2026-06-04 01:40:00+00:00,-0.009267988310327158,46
2026-06-04 07:20:00+00:00,-0.00306167822165071,46
2026-06-04 09:00:00+00:00,-0.007015631852502979,46
2026-06-05 06:35:00+00:00,-0.029313290896584188,46
2026-06-05 13:25:00+00:00,-0.011398179166508537,46
2026-06-05 14:30:00+00:00,-0.00629283150640203,46
2026-06-06 05:25:00+00:00,-0.013149896401870254,46
2026-06-07 03:20:00+00:00,-0.003088578183664703,46
2026-06-07 12:00:00+00:00,-0.0027692478075282967,46
2026-06-08 04:45:00+00:00,-0.004581138005723795,46
2026-06-09 02:05:00+00:00,-0.011962657502884277,46
2026-06-09 08:50:00+00:00,-0.0015108349558647927,46
2026-06-09 09:20:00+00:00,-0.05057054626385071,46
2026-06-09 09:35:00+00:00,-0.02802907815245559,46
2026-06-09 09:45:00+00:00,-0.013916233432797576,46
