PLMN,M971_sum
P0480,57938333
P0714,41505652
P1888,30835225
P2794,30189103
P2614,25787575
P0975,25003639
P0193,17523110
P2309,15517820
P0899,14494434
P0876,13715205
P1575,13070314
P1921,11304302
P2765,11147219
P1956,10871428
P1106,10815034
P0139,10790693
P1833,9359399
P1852,8294034
P0110,6861404
P0515,5270964
P1066,5009389
P2645,4986549
P2291,4975372
P2187,4806559
P1055,4366193
P1720,4297290
P1038,4238955
P2788,4191421
P0518,4093945
P2875,3885842
P1669,3825994
P1640,3685360
P2994,3527667
P2387,3495734
P0634,3155229
P0230,3137594
P2362,3075932
P0902,2938097
P2812,2888825
P0613,2824520
P1160,2797082
P2950,2604148
P0753,2395086
P0682,2356102
P2838,2306782
P1040,2275953
P1655,2272958
P1065,2185590
P0504,2183521
P0235,1727099
P2359,1613379
P2731,1596496
P0312,1581305
P2208,1562496
P2180,1411211
P2090,1378351
P0647,1343299
P0015,1292339
P2335,1236283
P2680,1129021
P1095,1061096
P0090,1013678
P0473,965119
P0486,962671
P0815,958206
P0155,954742
P1719,948245
P1566,939692
P1917,908856
P2207,859923
P2592,793283
P1936,790027
P1254,784833
P1243,764440
P2495,764240
P2465,763845
P0423,752228
P1475,724392
P1856,713668
P2578,702389
P2638,694900
P2935,692149
P1330,662862
P0134,658346
P0288,630814
P2206,624685
P2438,623099
P1323,597423
P1745,564233
P1467,538916
P1516,520388
P2897,519882
P0398,512365
P0442,491786
P1075,449986
P1771,441894
P0487,427857
P1837,427092
P1435,400349
P2918,400333
P1943,392839
P2943,377500
P0615,357301
P0190,347030
P0915,329504
P2381,317688
P2755,311652
P1179,306267
P1311,303792
P1840,289444
P0317,288399
P2819,284755
P0871,279092
P0375,277334
P0979,276056
P0560,273687
P2391,273586
P2518,271527
P0362,270014
P0737,264199
P1727,260020
P2878,253029
P1207,252636
P2264,244939
P1542,243378
P0821,243317
P2796,240096
P2726,233690
P1892,214443
P2030,211468
P0905,202321
P1515,192076
P1000,189344
P2953,182345
P2575,178833
P2128,174920
P2239,173536
P2178,168984
P1619,167364
P0060,165804
P0105,160960
P1932,158784
P2452,153292
P1544,151458
P1381,146945
P0116,144010
P0918,143840
P1850,140853
P0363,140590
P1476,139096
P1412,126117
P0986,123475
P2290,123254
P1591,122934
P2771,119340
P0633,115374
P0063,113683
P2581,112751
P2809,112470
P0881,111346
P2589,109602
P2553,108010
P2881,105674
P1929,105436
P2901,104249
P1521,103044
P1252,102195
P0344,100332
P1613,98368
P1286,95462
P0253,91601
P2412,90715
P2934,85151
P1405,84933
P1093,82935
P2089,82210
P2327,81652
P2326,81077
P0273,78725
P2146,77901
P1434,76917
P1134,75312
P0452,73579
P2183,73030
P1928,71601
P1979,70118
P1170,67994
P1559,66532
P1110,65945
P2148,65938
P0389,64443
P0255,64225
P1959,61431
P1738,60999
P1941,60054
P2366,59077
P2287,58583
P0894,56085
P1692,55903
P0618,55745
P1899,55511
P0817,54778
P2690,54319
P0376,54075
P0261,53881
P2166,53225
P0039,52930
P0024,52545
P0422,50180
P2432,49645
P2063,49466
P1494,49092
P2939,47609
P1930,47396
P2697,46808
P0133,46783
P2778,45759
P1298,45744
P1863,45146
P0958,44606
P2913,44410
P1671,44065
P2197,43831
P1114,42819
P0780,42591
P0249,42061
P2288,42011
P1453,41147
P2164,41100
P1287,40830
P0367,40523
P1534,40051
P0681,39992
P1904,39854
P1107,38909
P1423,38724
P0952,38184
P2339,37478
P0804,37118
P1844,36848
P1479,36339
P2698,35719
P2169,34909
P2735,34818
P1008,34706
P0592,34650
P1857,33932
P2100,33389
P1049,33105
P2992,33092
P0278,32898
P2439,32443
P0922,32230
P0198,31720
P0830,30348
P2313,30179
P2302,30165
P2504,29879
P2355,29869
P1755,29222
P2116,29183
P1289,29022
P1757,28321
P2112,28239
P2285,28137
P0391,28127
P0695,27444
P1661,27351
P0097,26982
P2009,26937
P0896,26352
P2436,25726
P0954,25700
P0290,25386
P0023,24799
P1301,24054
P2175,23885
P1916,23691
P0087,23419
P1590,22787
P1200,22698
P2760,22639
P1586,22545
P1777,22355
P0298,22123
P0966,21903
P1571,21721
P0974,21104
P1543,21024
P2525,20719
P0562,20671
P0236,20538
P2118,19692
P1006,19279
P0528,19134
P2213,18929
P0717,18852
P0938,18828
P0868,18716
P2967,18672
P1345,18596
P2527,18550
P1376,18491
P0702,18145
P2413,17775
P2886,17712
P2156,17605
P2662,16916
P2563,16893
P2965,16884
P1512,16778
P1533,16704
P2402,16394
P1384,16128
P1511,15880
P0293,15854
P1100,15839
P2141,15837
P2570,15814
P2024,15403
P0276,15282
P2921,14884
P2149,14698
P0240,14634
P1033,14530
P1452,14134
P1750,14054
P1885,13871
P2706,13379
P1911,13343
P0326,13319
P2986,13304
P1048,13282
P0465,13245
P0704,13100
P1226,13091
P0461,13071
P1577,13002
P1424,12892
P2185,12834
P1829,12826
P2541,12700
P1105,12610
P2282,12599
P1237,12547
P2021,12395
P0008,12349
P2139,12161
P0960,12110
P1974,11955
P2450,11838
P1052,11776
P2249,11671
P1336,11604
P1881,11225
P1448,11208
P0285,11050
P2069,11021
P0421,10970
P0203,10907
P2300,10779
P2906,10707
P0010,10415
P0698,10278
P1696,10110
P1011,10030
P0482,9976
P2572,9922
P0234,9715
P1846,9497
P1982,9457
P1906,9391
P0248,9240
P2255,9162
P1920,9150
P0585,9119
P2744,9092
P1035,9057
P0724,9040
P2306,9022
P2562,8867
P2019,8855
P0794,8841
P0759,8759
P1870,8711
P0168,8687
P1740,8656
P1406,8596
P2477,8532
P0913,8220
P2459,8218
P0430,8124
P2675,8124
P2773,8115
P0810,8073
P0360,8009
P0917,7983
P1545,7924
P2189,7747
P2621,7669
P0685,7666
P0875,7643
P0199,7586
P1654,7451
P0822,7380
P1938,7357
P1481,7348
P0233,7336
P0923,7335
P0509,7264
P2110,7189
P0146,7183
P2759,7134
P0833,7036
P0803,6741
P1523,6727
P2586,6682
P1172,6572
P0069,6486
P1686,6422
P1699,6417
P0517,6390
P2505,6318
P0371,6299
P0745,6292
P1747,6290
P2401,6137
P0860,5925
P2031,5840
P1945,5799
P2670,5665
P0370,5617
P2229,5459
P2539,5454
P0470,5446
P2357,5412
P0610,5350
P0499,5212
P0531,5132
P2705,5116
P1951,5101
P1836,5097
P1056,4849
P2907,4842
P2894,4757
P0264,4720
P0879,4716
P0666,4649
P1547,4648
P2862,4634
P1082,4582
P0758,4545
P2522,4531
P1690,4527
P2248,4489
P2072,4449
P2798,4412
P0417,4291
P1457,4282
P2960,4275
P2266,4275
P0280,4232
P0472,4172
P1891,4103
P2067,4026
P1598,4010
P2551,3936
P1725,3928
P0891,3875
P1281,3869
P1299,3849
P1800,3800
P0495,3786
P1347,3762
P1783,3752
P0431,3749
P0786,3675
P1682,3584
P1638,3584
P0215,3583
P0485,3566
P0895,3519
P0124,3517
P0394,3497
P1834,3495
P0043,3490
P2669,3465
P2851,3364
P0159,3358
P0387,3301
P2268,3295
P2863,3294
P1208,3275
P2271,3256
P0089,3255
P0252,3221
P1558,3199
P1527,3187
P2424,3165
P1355,3162
P2034,3134
P2017,3133
P0530,3130
P1907,3119
P0071,3114
P2526,3103
P0865,3073
P2791,3060
P2944,3055
P1578,3048
P1510,3036
P2867,2990
P1886,2966
P1491,2912
P2674,2906
P0172,2884
P1862,2865
P0925,2850
P0709,2847
P2259,2796
P0007,2792
P1983,2775
P0797,2768
P1818,2739
P1279,2716
P1318,2711
P2940,2706
P1176,2683
P2777,2668
P1732,2648
P0632,2632
P2310,2628
P2932,2556
P1713,2543
P2433,2540
P0659,2531
P0001,2504
P0306,2478
P0051,2463
P1140,2454
P1600,2420
P0539,2391
P0863,2368
P2533,2346
P2824,2324
P0101,2317
P2332,2254
P1657,2203
P1645,2167
P1073,2165
P0609,2148
P2111,2138
P2122,2135
P0044,2124
P0725,2118
P2012,2110
P2389,2081
P1094,2061
P1643,2052
P0218,1999
P1664,1967
P1684,1964
P0582,1944
P0688,1942
P0400,1926
P1268,1890
P1166,1880
P0104,1873
P1722,1858
P2409,1829
P0355,1822
P0356,1808
P2595,1788
P2889,1786
P0557,1782
P2848,1778
P2107,1768
P2855,1730
P2922,1718
P0017,1692
P1395,1679
P0996,1672
P0083,1629
P1587,1623
P2807,1597
P0102,1560
P1843,1541
P1097,1540
P2720,1532
P0148,1528
P0998,1522
P0136,1511
P1570,1502
P2466,1501
P2062,1474
P0282,1441
P0444,1441
P2667,1407
P2531,1394
P2425,1381
P1485,1380
P2659,1374
P2127,1351
P1465,1344
P1715,1337
P0907,1310
P2882,1304
P2155,1288
P1358,1279
P1083,1260
P0861,1256
P0153,1253
P2318,1240
P1060,1235
P0671,1217
P2557,1211
P0655,1195
P1552,1191
P0768,1180
P1070,1176
P0437,1152
P2767,1149
P2093,1144
P1658,1138
P2754,1122
P0577,1113
P1414,1113
P0772,1069
P1482,1066
P2453,1061
P1357,1060
P0140,1059
P2598,1058
P0921,1057
P2654,1055
P0223,1040
P0377,1035
P0291,1027
P2683,1017
P1687,1014
P0347,1007
P2395,987
P0005,985
P0251,985
P0653,984
P2748,983
P0605,976
P1756,976
P0396,969
P0313,966
P1275,961
P0715,959
P0967,947
P2150,943
P0864,937
P1017,937
P2587,935
P1339,924
P0579,918
P1387,914
P0693,910
P2869,909
P0783,906
P0427,900
P0556,893
P2971,883
P2283,860
P0220,841
P2694,839
P2515,832
P0595,820
P1346,819
P2499,819
P0710,818
P2799,800
P1624,778
P1970,767
P0802,762
P1813,757
P0965,755
P1594,752
P0492,751
P2981,751
P2884,748
P2602,746
P0883,746
P0549,734
P0045,729
P0186,725
P0469,708
P0277,678
P2297,673
P2013,673
P0521,668
P0112,666
P1708,660
P0663,651
P0113,646
P2893,637
P1670,630
P1390,628
P0617,610
P1399,607
P1849,603
P2978,592
P2661,589
P1492,573
P1861,571
P2225,564
P0927,562
P1650,556
P0961,541
P0128,527
P2493,519
P1792,517
P2701,515
P2483,514
P2154,506
P1028,504
P0848,496
P1691,493
P0981,491
P2280,491
P0013,489
P1918,483
P2263,482
P1665,472
P0207,469
P0936,465
P0699,461
P0127,455
P0500,448
P0626,447
P2623,447
P2854,427
P2542,409
P1115,407
P1939,402
P0374,398
P0221,396
P2603,388
P1063,381
P2512,374
P1548,372
P0307,371
P2687,369
P0085,369
P2076,364
P1540,355
P2877,354
P0384,350
P2354,350
P1173,347
P2132,338
P0701,337
P2909,333
P2066,325
P2002,322
P1785,312
P2230,309
P0099,305
P2870,305
P0020,303
P0728,300
P2121,300
P1572,291
P2160,285
P0656,284
P2270,283
P0184,276
P0115,275
P1464,267
P1329,267
P0502,259
P0238,259
P2713,254
P2104,251
P0329,243
P0940,241
P1349,240
P2088,240
P1775,239
P2033,239
P2140,236
P0245,226
P1574,222
P1776,220
P1762,215
P1815,213
P2119,210
P0269,209
P1309,204
P0575,204
P1183,198
P0028,193
P0163,192
P0169,189
P1988,188
P0239,179
P0077,175
P0210,172
P0402,168
P0964,167
P0459,166
P0674,163
P1623,163
P1096,161
P1823,155
P1622,154
P2097,153
P0395,149
P1285,148
P0003,146
P2933,144
P2144,144
P1769,143
P0948,143
P0995,143
P0866,143
P2304,142
P0716,141
P2237,140
P2700,136
P2163,134
P0533,129
P1876,128
P1642,125
P0434,123
P2815,123
P1470,122
P1120,120
P0523,119
P1342,119
P0274,117
P1858,110
P2548,108
P2124,105
P1142,103
P0283,103
P0697,100
P0047,97
P2727,96
P1193,95
P2133,91
P1167,90
P0601,86
P0552,85
P0534,83
P0270,83
P0202,82
P1322,81
P0484,81
P1958,80
P0777,80
P2757,78
P2217,78
P2081,76
P2014,74
P1458,74
P1098,74
P0901,73
P2228,73
P0880,69
P1705,68
P2165,67
P0660,67
P2371,66
P2593,65
P2899,62
P0032,62
P1562,59
P0243,58
P0993,55
P0904,55
P2610,54
P2385,53
P0166,50
P2989,50
P2491,49
P1666,48
P2157,46
P1229,45
P0429,44
P0614,43
P0503,41
P2970,41
P0840,41
P0477,39
P2305,38
P2859,37
P2065,37
P2631,36
P1416,36
P1136,35
P1041,34
P0405,33
P0546,32
P2212,31
P0061,31
P1216,30
P0929,29
P1786,29
P1871,29
P1474,28
P2677,28
P1997,27
P2134,26
P0284,26
P1076,26
P0594,26
P2872,25
P2915,25
P2649,25
P1419,25
P1746,24
P0621,24
P0816,24
P0265,23
P2508,22
P2360,22
P1662,22
P2201,21
P0761,21
P0158,21
P0739,21
P1880,20
P0257,19
P2105,18
P0447,16
P1925,16
P1276,16
P2517,15
P0072,15
P2380,14
P2552,14
P0219,14
P1615,12
P0206,12
P0187,11
P1365,11
P2837,11
P2442,11
P2321,10
P1337,10
P2200,10
P1256,10
P1138,10
P0241,9
P2177,9
P0455,9
P0296,9
P2507,9
P0687,8
P2320,8
P1538,8
P0619,7
P2949,7
P2681,7
P1144,7
P2241,6
P0322,6
P1660,6
P1411,6
P2880,6
P0764,6
P2972,5
P0383,5
P0450,5
P2709,5
P0154,5
P2746,5
P0623,5
P2330,5
P0412,5
P1148,5
P0524,5
P1948,4
P1895,4
P1963,4
P1717,4
P2849,4
P0911,4
P0214,4
P2085,4
P2098,4
P0185,4
P0677,4
P2511,4
P2337,4
P2585,3
P0760,3
P2209,3
P0173,3
P1532,3
P2312,3
P2158,3
P0232,3
P1459,3
P1108,3
P2277,2
P0835,2
P1603,2
P1873,2
P1804,2
P1092,2
P2653,2
P0029,2
P1749,2
P1362,2
P0676,2
P1966,2
P2534,2
P1013,2
P0454,2
P2704,2
P0766,1
P2650,1
P2456,1
P0315,1
P1350,1
P0151,1
P1379,1
P1307,1
P0994,1
P2347,1
P1915,1
P0683,1
P0953,1
P1039,1
P0522,1
P0435,1
P2205,1
P2770,1
P2903,1
P2887,1
P0491,1
P2324,1
P1231,1
P2329,1
P1710,1
P1265,1
P0779,0
P2494,0
P0607,0
P0479,0
